--
-- PostgreSQL database cluster dump
--

SET default_transaction_read_only = off;

SET client_encoding = 'UTF8';
SET standard_conforming_strings = on;

--
-- Roles
--

CREATE ROLE grafanareader;
ALTER ROLE grafanareader WITH NOSUPERUSER INHERIT NOCREATEROLE NOCREATEDB LOGIN NOREPLICATION NOBYPASSRLS PASSWORD 'SCRAM-SHA-256$4096:vELVxHllqMH99jd+iKGy0Q==$Yziorkpa5e25Oq7npylDadBBq/UpdRt5etEZXHD0O1A=:pF6IjaFZNMZ2/FLqAxax192XDuXzKx/Ayx9sIr61E80=';
CREATE ROLE postgres;
ALTER ROLE postgres WITH SUPERUSER INHERIT CREATEROLE CREATEDB LOGIN REPLICATION BYPASSRLS PASSWORD 'SCRAM-SHA-256$4096:/FMkr6Qbw7ODzoAjx6bUAA==$QfWJr3RoTk6yjZUoEXPmsLbVOFfRVXEuYfIJZabZFqE=:i/eesL2PUr4gRcrxyf0UuMHPR+yxd5x/V8uGfy7nIYQ=';

--
-- User Configurations
--








--
-- Databases
--

--
-- Database "template1" dump
--

\connect template1

--
-- PostgreSQL database dump
--

-- Dumped from database version 16.4 (Ubuntu 16.4-0ubuntu0.24.04.1)
-- Dumped by pg_dump version 16.4 (Ubuntu 16.4-0ubuntu0.24.04.1)

SET statement_timeout = 0;
SET lock_timeout = 0;
SET idle_in_transaction_session_timeout = 0;
SET client_encoding = 'UTF8';
SET standard_conforming_strings = on;
SELECT pg_catalog.set_config('search_path', '', false);
SET check_function_bodies = false;
SET xmloption = content;
SET client_min_messages = warning;
SET row_security = off;

--
-- PostgreSQL database dump complete
--

--
-- Database "mycat" dump
--

--
-- PostgreSQL database dump
--

-- Dumped from database version 16.4 (Ubuntu 16.4-0ubuntu0.24.04.1)
-- Dumped by pg_dump version 16.4 (Ubuntu 16.4-0ubuntu0.24.04.1)

SET statement_timeout = 0;
SET lock_timeout = 0;
SET idle_in_transaction_session_timeout = 0;
SET client_encoding = 'UTF8';
SET standard_conforming_strings = on;
SELECT pg_catalog.set_config('search_path', '', false);
SET check_function_bodies = false;
SET xmloption = content;
SET client_min_messages = warning;
SET row_security = off;

--
-- Name: mycat; Type: DATABASE; Schema: -; Owner: postgres
--

CREATE DATABASE mycat WITH TEMPLATE = template0 ENCODING = 'UTF8' LOCALE_PROVIDER = libc LOCALE = 'C.UTF-8';


ALTER DATABASE mycat OWNER TO postgres;

\connect mycat

SET statement_timeout = 0;
SET lock_timeout = 0;
SET idle_in_transaction_session_timeout = 0;
SET client_encoding = 'UTF8';
SET standard_conforming_strings = on;
SELECT pg_catalog.set_config('search_path', '', false);
SET check_function_bodies = false;
SET xmloption = content;
SET client_min_messages = warning;
SET row_security = off;

SET default_tablespace = '';

SET default_table_access_method = heap;

--
-- Name: animal; Type: TABLE; Schema: public; Owner: postgres
--

CREATE TABLE public.animal (
    id integer,
    name character varying(100),
    breed text,
    coloration text,
    age integer,
    sex character(1),
    fav_toy text
);


ALTER TABLE public.animal OWNER TO postgres;

--
-- Name: auth_group; Type: TABLE; Schema: public; Owner: postgres
--

CREATE TABLE public.auth_group (
    id integer NOT NULL,
    name character varying(150) NOT NULL
);


ALTER TABLE public.auth_group OWNER TO postgres;

--
-- Name: auth_group_id_seq; Type: SEQUENCE; Schema: public; Owner: postgres
--

ALTER TABLE public.auth_group ALTER COLUMN id ADD GENERATED BY DEFAULT AS IDENTITY (
    SEQUENCE NAME public.auth_group_id_seq
    START WITH 1
    INCREMENT BY 1
    NO MINVALUE
    NO MAXVALUE
    CACHE 1
);


--
-- Name: auth_group_permissions; Type: TABLE; Schema: public; Owner: postgres
--

CREATE TABLE public.auth_group_permissions (
    id bigint NOT NULL,
    group_id integer NOT NULL,
    permission_id integer NOT NULL
);


ALTER TABLE public.auth_group_permissions OWNER TO postgres;

--
-- Name: auth_group_permissions_id_seq; Type: SEQUENCE; Schema: public; Owner: postgres
--

ALTER TABLE public.auth_group_permissions ALTER COLUMN id ADD GENERATED BY DEFAULT AS IDENTITY (
    SEQUENCE NAME public.auth_group_permissions_id_seq
    START WITH 1
    INCREMENT BY 1
    NO MINVALUE
    NO MAXVALUE
    CACHE 1
);


--
-- Name: auth_permission; Type: TABLE; Schema: public; Owner: postgres
--

CREATE TABLE public.auth_permission (
    id integer NOT NULL,
    name character varying(255) NOT NULL,
    content_type_id integer NOT NULL,
    codename character varying(100) NOT NULL
);


ALTER TABLE public.auth_permission OWNER TO postgres;

--
-- Name: auth_permission_id_seq; Type: SEQUENCE; Schema: public; Owner: postgres
--

ALTER TABLE public.auth_permission ALTER COLUMN id ADD GENERATED BY DEFAULT AS IDENTITY (
    SEQUENCE NAME public.auth_permission_id_seq
    START WITH 1
    INCREMENT BY 1
    NO MINVALUE
    NO MAXVALUE
    CACHE 1
);


--
-- Name: auth_user; Type: TABLE; Schema: public; Owner: postgres
--

CREATE TABLE public.auth_user (
    id integer NOT NULL,
    password character varying(128) NOT NULL,
    last_login timestamp with time zone,
    is_superuser boolean NOT NULL,
    username character varying(150) NOT NULL,
    first_name character varying(150) NOT NULL,
    last_name character varying(150) NOT NULL,
    email character varying(254) NOT NULL,
    is_staff boolean NOT NULL,
    is_active boolean NOT NULL,
    date_joined timestamp with time zone NOT NULL
);


ALTER TABLE public.auth_user OWNER TO postgres;

--
-- Name: auth_user_groups; Type: TABLE; Schema: public; Owner: postgres
--

CREATE TABLE public.auth_user_groups (
    id bigint NOT NULL,
    user_id integer NOT NULL,
    group_id integer NOT NULL
);


ALTER TABLE public.auth_user_groups OWNER TO postgres;

--
-- Name: auth_user_groups_id_seq; Type: SEQUENCE; Schema: public; Owner: postgres
--

ALTER TABLE public.auth_user_groups ALTER COLUMN id ADD GENERATED BY DEFAULT AS IDENTITY (
    SEQUENCE NAME public.auth_user_groups_id_seq
    START WITH 1
    INCREMENT BY 1
    NO MINVALUE
    NO MAXVALUE
    CACHE 1
);


--
-- Name: auth_user_id_seq; Type: SEQUENCE; Schema: public; Owner: postgres
--

ALTER TABLE public.auth_user ALTER COLUMN id ADD GENERATED BY DEFAULT AS IDENTITY (
    SEQUENCE NAME public.auth_user_id_seq
    START WITH 1
    INCREMENT BY 1
    NO MINVALUE
    NO MAXVALUE
    CACHE 1
);


--
-- Name: auth_user_user_permissions; Type: TABLE; Schema: public; Owner: postgres
--

CREATE TABLE public.auth_user_user_permissions (
    id bigint NOT NULL,
    user_id integer NOT NULL,
    permission_id integer NOT NULL
);


ALTER TABLE public.auth_user_user_permissions OWNER TO postgres;

--
-- Name: auth_user_user_permissions_id_seq; Type: SEQUENCE; Schema: public; Owner: postgres
--

ALTER TABLE public.auth_user_user_permissions ALTER COLUMN id ADD GENERATED BY DEFAULT AS IDENTITY (
    SEQUENCE NAME public.auth_user_user_permissions_id_seq
    START WITH 1
    INCREMENT BY 1
    NO MINVALUE
    NO MAXVALUE
    CACHE 1
);


--
-- Name: catshelter_feline; Type: TABLE; Schema: public; Owner: postgres
--

CREATE TABLE public.catshelter_feline (
    feline_id integer NOT NULL,
    name character varying(100),
    breed text NOT NULL,
    coloration text NOT NULL,
    age integer NOT NULL,
    sex character(1) NOT NULL,
    fav_toy text NOT NULL,
    photo character varying(255)
);


ALTER TABLE public.catshelter_feline OWNER TO postgres;

--
-- Name: catshelter_medicalrecord; Type: TABLE; Schema: public; Owner: postgres
--

CREATE TABLE public.catshelter_medicalrecord (
    record_id integer NOT NULL,
    feline_id integer,
    checkupdate date,
    treatment character varying(100),
    doctor_name character varying(50)
);


ALTER TABLE public.catshelter_medicalrecord OWNER TO postgres;

--
-- Name: cattype_id_seq; Type: SEQUENCE; Schema: public; Owner: postgres
--

CREATE SEQUENCE public.cattype_id_seq
    AS integer
    START WITH 1
    INCREMENT BY 1
    NO MINVALUE
    NO MAXVALUE
    CACHE 1;


ALTER SEQUENCE public.cattype_id_seq OWNER TO postgres;

--
-- Name: cattype_id_seq; Type: SEQUENCE OWNED BY; Schema: public; Owner: postgres
--

ALTER SEQUENCE public.cattype_id_seq OWNED BY public.catshelter_feline.feline_id;


--
-- Name: django_admin_log; Type: TABLE; Schema: public; Owner: postgres
--

CREATE TABLE public.django_admin_log (
    id integer NOT NULL,
    action_time timestamp with time zone NOT NULL,
    object_id text,
    object_repr character varying(200) NOT NULL,
    action_flag smallint NOT NULL,
    change_message text NOT NULL,
    content_type_id integer,
    user_id integer NOT NULL,
    CONSTRAINT django_admin_log_action_flag_check CHECK ((action_flag >= 0))
);


ALTER TABLE public.django_admin_log OWNER TO postgres;

--
-- Name: django_admin_log_id_seq; Type: SEQUENCE; Schema: public; Owner: postgres
--

ALTER TABLE public.django_admin_log ALTER COLUMN id ADD GENERATED BY DEFAULT AS IDENTITY (
    SEQUENCE NAME public.django_admin_log_id_seq
    START WITH 1
    INCREMENT BY 1
    NO MINVALUE
    NO MAXVALUE
    CACHE 1
);


--
-- Name: django_content_type; Type: TABLE; Schema: public; Owner: postgres
--

CREATE TABLE public.django_content_type (
    id integer NOT NULL,
    app_label character varying(100) NOT NULL,
    model character varying(100) NOT NULL
);


ALTER TABLE public.django_content_type OWNER TO postgres;

--
-- Name: django_content_type_id_seq; Type: SEQUENCE; Schema: public; Owner: postgres
--

ALTER TABLE public.django_content_type ALTER COLUMN id ADD GENERATED BY DEFAULT AS IDENTITY (
    SEQUENCE NAME public.django_content_type_id_seq
    START WITH 1
    INCREMENT BY 1
    NO MINVALUE
    NO MAXVALUE
    CACHE 1
);


--
-- Name: django_migrations; Type: TABLE; Schema: public; Owner: postgres
--

CREATE TABLE public.django_migrations (
    id bigint NOT NULL,
    app character varying(255) NOT NULL,
    name character varying(255) NOT NULL,
    applied timestamp with time zone NOT NULL
);


ALTER TABLE public.django_migrations OWNER TO postgres;

--
-- Name: django_migrations_id_seq; Type: SEQUENCE; Schema: public; Owner: postgres
--

ALTER TABLE public.django_migrations ALTER COLUMN id ADD GENERATED BY DEFAULT AS IDENTITY (
    SEQUENCE NAME public.django_migrations_id_seq
    START WITH 1
    INCREMENT BY 1
    NO MINVALUE
    NO MAXVALUE
    CACHE 1
);


--
-- Name: django_session; Type: TABLE; Schema: public; Owner: postgres
--

CREATE TABLE public.django_session (
    session_key character varying(40) NOT NULL,
    session_data text NOT NULL,
    expire_date timestamp with time zone NOT NULL
);


ALTER TABLE public.django_session OWNER TO postgres;

--
-- Name: medicalrecord2; Type: TABLE; Schema: public; Owner: postgres
--

CREATE TABLE public.medicalrecord2 (
    record_id integer NOT NULL,
    feline_id integer,
    checkupdate date,
    name character varying NOT NULL,
    breed character varying NOT NULL,
    treatment character varying(100),
    doctor_name character varying(50)
);


ALTER TABLE public.medicalrecord2 OWNER TO postgres;

--
-- Name: medicalrecord2_record_id_seq; Type: SEQUENCE; Schema: public; Owner: postgres
--

CREATE SEQUENCE public.medicalrecord2_record_id_seq
    AS integer
    START WITH 1
    INCREMENT BY 1
    NO MINVALUE
    NO MAXVALUE
    CACHE 1;


ALTER SEQUENCE public.medicalrecord2_record_id_seq OWNER TO postgres;

--
-- Name: medicalrecord2_record_id_seq; Type: SEQUENCE OWNED BY; Schema: public; Owner: postgres
--

ALTER SEQUENCE public.medicalrecord2_record_id_seq OWNED BY public.medicalrecord2.record_id;


--
-- Name: medicalrecord_record_id_seq; Type: SEQUENCE; Schema: public; Owner: postgres
--

CREATE SEQUENCE public.medicalrecord_record_id_seq
    AS integer
    START WITH 1
    INCREMENT BY 1
    NO MINVALUE
    NO MAXVALUE
    CACHE 1;


ALTER SEQUENCE public.medicalrecord_record_id_seq OWNER TO postgres;

--
-- Name: medicalrecord_record_id_seq; Type: SEQUENCE OWNED BY; Schema: public; Owner: postgres
--

ALTER SEQUENCE public.medicalrecord_record_id_seq OWNED BY public.catshelter_medicalrecord.record_id;


--
-- Name: catshelter_feline feline_id; Type: DEFAULT; Schema: public; Owner: postgres
--

ALTER TABLE ONLY public.catshelter_feline ALTER COLUMN feline_id SET DEFAULT nextval('public.cattype_id_seq'::regclass);


--
-- Name: catshelter_medicalrecord record_id; Type: DEFAULT; Schema: public; Owner: postgres
--

ALTER TABLE ONLY public.catshelter_medicalrecord ALTER COLUMN record_id SET DEFAULT nextval('public.medicalrecord_record_id_seq'::regclass);


--
-- Name: medicalrecord2 record_id; Type: DEFAULT; Schema: public; Owner: postgres
--

ALTER TABLE ONLY public.medicalrecord2 ALTER COLUMN record_id SET DEFAULT nextval('public.medicalrecord2_record_id_seq'::regclass);


--
-- Data for Name: animal; Type: TABLE DATA; Schema: public; Owner: postgres
--

COPY public.animal (id, name, breed, coloration, age, sex, fav_toy) FROM stdin;
3	No	siamese	black	4	M	ball
4	To	ragdoll	spotted	3	F	fish
5	Sam	maincoon	cream	2	M	feather wand
6	Simba	sphynx	hairless	1	F	ball
8	Bella	ragdoll	blue	3	F	ball
10	Whisker	bengal	spotted	2	M	tunnel
11	Mit	siberian	brown	3	M	banana
12	Mickey	siamese	white	1	F	fish
1	Tomy	persian	grey	1	M	catnip
2	Luna	british short hair	white	6	F	rabbit
7	Nala	ragdoll	yellow	1	F	fish
9	Osca	scottish	yellow	5	F	lazer pointer
3	No	siamese	black	4	M	ball
4	To	ragdoll	spotted	3	F	fish
5	Sam	maincoon	cream	2	M	feather wand
6	Simba	sphynx	hairless	1	F	ball
8	Bella	ragdoll	blue	3	F	ball
10	Whisker	bengal	spotted	2	M	tunnel
11	Mit	siberian	brown	3	M	banana
12	Mickey	siamese	white	1	F	fish
1	Tomy	persian	grey	1	M	catnip
2	Luna	british short hair	white	6	F	rabbit
7	Nala	ragdoll	yellow	1	F	fish
9	Osca	scottish	yellow	5	F	lazer pointer
\.


--
-- Data for Name: auth_group; Type: TABLE DATA; Schema: public; Owner: postgres
--

COPY public.auth_group (id, name) FROM stdin;
\.


--
-- Data for Name: auth_group_permissions; Type: TABLE DATA; Schema: public; Owner: postgres
--

COPY public.auth_group_permissions (id, group_id, permission_id) FROM stdin;
\.


--
-- Data for Name: auth_permission; Type: TABLE DATA; Schema: public; Owner: postgres
--

COPY public.auth_permission (id, name, content_type_id, codename) FROM stdin;
1	Can add feline	1	add_feline
2	Can change feline	1	change_feline
3	Can delete feline	1	delete_feline
4	Can view feline	1	view_feline
5	Can add log entry	2	add_logentry
6	Can change log entry	2	change_logentry
7	Can delete log entry	2	delete_logentry
8	Can view log entry	2	view_logentry
9	Can add permission	3	add_permission
10	Can change permission	3	change_permission
11	Can delete permission	3	delete_permission
12	Can view permission	3	view_permission
13	Can add group	4	add_group
14	Can change group	4	change_group
15	Can delete group	4	delete_group
16	Can view group	4	view_group
17	Can add user	5	add_user
18	Can change user	5	change_user
19	Can delete user	5	delete_user
20	Can view user	5	view_user
21	Can add content type	6	add_contenttype
22	Can change content type	6	change_contenttype
23	Can delete content type	6	delete_contenttype
24	Can view content type	6	view_contenttype
25	Can add session	7	add_session
26	Can change session	7	change_session
27	Can delete session	7	delete_session
28	Can view session	7	view_session
29	Can add medical record	8	add_medicalrecord
30	Can change medical record	8	change_medicalrecord
31	Can delete medical record	8	delete_medicalrecord
32	Can view medical record	8	view_medicalrecord
\.


--
-- Data for Name: auth_user; Type: TABLE DATA; Schema: public; Owner: postgres
--

COPY public.auth_user (id, password, last_login, is_superuser, username, first_name, last_name, email, is_staff, is_active, date_joined) FROM stdin;
1	pbkdf2_sha256$720000$xpYAWwjwVOpzQwoOweLKn9$pMgSlX0E3XjqrU28boNLx4pakof0Gyxh1Txzt/jYNaA=	2024-07-23 11:46:35.311034+00	f	thanh				f	t	2024-07-23 11:46:21.696077+00
2	pbkdf2_sha256$720000$2VHVEaynfb3YMkuHxsWZnH$sVwFPlVJf9hc1aPQqkfoUnrQr1RyTFiwRf0eVEYilDY=	2024-07-24 09:38:18.12363+00	f	thanh2				f	t	2024-07-24 09:38:06.434803+00
3	pbkdf2_sha256$720000$0JPpCAQb9brFvoM2Y1edwG$D30LFjfGVuUisCj79qbD/yCkjveV6t6BjguSPpjl7ek=	2024-07-29 08:42:45.486695+00	t	admin				t	t	2024-07-29 08:42:29.24456+00
4	pbkdf2_sha256$720000$Ex5UFHJlz70dgQpS9qqDpB$VNaWjfdfSJr9hF1Hwh1/FlO5RcvHaAZTmGQbAvi1T5g=	2024-07-30 12:31:39.936777+00	f	thanh4				f	t	2024-07-30 12:31:26.654096+00
5	pbkdf2_sha256$720000$dpnSqbFOdAtutK0Mci7TCe$5ep5vs8nSU6BxpR9q5F9j6Ob51zzUEPZobArFv+cKlI=	\N	f	testuser				f	t	2024-07-31 08:54:33.593384+00
6	pbkdf2_sha256$870000$dYvTwKR8i3iBL7irekmh3T$eCyMptMyMDMCE1LnwuX7TSP77pKeBVFBMOmkFFTyxwo=	2024-08-21 08:24:56.800161+00	f	honeybear1991				f	t	2024-08-14 07:49:09.761564+00
7	pbkdf2_sha256$870000$QEUGqfSqELtVy76mzfnj3g$iFB8cdRJkK+owVIAZoZb7EGpSmtIji/50ZSOiqBt7J8=	2024-08-22 07:49:29.444904+00	f	kimkim				f	t	2024-08-21 07:08:46.443316+00
8	pbkdf2_sha256$870000$9WlPfCWA052IxAsUlq4Wjv$OTnpysEHpu/x7jPqw3RzW7WH+ql/ZZipiflDK6uQO/c=	2024-08-22 08:08:54.089425+00	f	thanh5555				f	t	2024-08-22 07:50:00.01231+00
\.


--
-- Data for Name: auth_user_groups; Type: TABLE DATA; Schema: public; Owner: postgres
--

COPY public.auth_user_groups (id, user_id, group_id) FROM stdin;
\.


--
-- Data for Name: auth_user_user_permissions; Type: TABLE DATA; Schema: public; Owner: postgres
--

COPY public.auth_user_user_permissions (id, user_id, permission_id) FROM stdin;
\.


--
-- Data for Name: catshelter_feline; Type: TABLE DATA; Schema: public; Owner: postgres
--

COPY public.catshelter_feline (feline_id, name, breed, coloration, age, sex, fav_toy, photo) FROM stdin;
19	miquella	siam	orange	1	M	mouse	cats_photos/miquella_pNKpRVD.jpg
3	No	siamese	black	4	M	ball	cats_photos/no.jpg
4	To	ragdoll	spotted	3	F	fish	cats_photos/to.jpg
5	Sam	maincoon	cream	2	M	feather wand	cats_photos/sam.jpg
6	Simba	sphynx	hairless	1	F	ball	cats_photos/simba.jpg
8	Bella	ragdoll	blue	3	F	ball	cats_photos/bella.jpg
10	Whisker	bengal	spotted	2	M	tunnel	cats_photos/whisker.jpg
11	Mit	siberian	brown	3	M	banana	cats_photos/mit.jpg
12	Mickey	siamese	white	1	F	fish	cats_photos/mickey.jpg
1	Tomy	persian	grey	1	M	catnip	cats_photos/tomy.jpg
2	Luna	british short hair	white	6	F	rabbit	cats_photos/luna.jpg
7	Nala	ragdoll	yellow	1	F	fish	cats_photos/nala.jpg
9	Osca	scottish	yellow	5	F	lazer pointer	cats_photos/osca.jpg
21	Renala	siam	brown	1	F	mouse	cats_photos/renala_0LweDAg.jpg
22	Relana	calico	orange	1	F	mouse	cats_photos/relana.jpg
23	Mai	siamese	black	2	m	ball	cats_photos/Mai.jpeg
24	godwyn	siam	black	2	F	catnip	cats_photos/godwyn.jpg
37	laila	calico	red	1	F	mice	cats_photos/laila_V7iPK0X.jpeg
41	Xu	Maine Coon	Orange	1	F	Fish	cats_photos/xu.jpg
42	june	oddeye	white	1	F	fish	cats_photos/june.jpg
43	august	calico	orange	1	M	fish	cats_photos/august.jpg
44	Bong	British Shorthair	grey	5	M	Ball	cats_photos/bong.jpeg
\.


--
-- Data for Name: catshelter_medicalrecord; Type: TABLE DATA; Schema: public; Owner: postgres
--

COPY public.catshelter_medicalrecord (record_id, feline_id, checkupdate, treatment, doctor_name) FROM stdin;
1	2	2024-07-10	vacination	NhutHa
2	3	2024-07-11	general checkup	Peter
3	5	2024-07-11	flea treatment	Tomy
4	6	2024-07-12	dental checkup	Peter
5	7	2024-07-13	blood test	NhutHa
6	8	2024-07-12	blood test	Mary
7	9	2024-07-13	minor surgery	Mary
8	10	2024-07-11	eyes exam	Tomy
9	11	2024-07-14	vacination	Peter
10	1	2024-07-14	ears cleaning	NhutHa
11	4	2024-07-13	eyes exam	Peter
\.


--
-- Data for Name: django_admin_log; Type: TABLE DATA; Schema: public; Owner: postgres
--

COPY public.django_admin_log (id, action_time, object_id, object_repr, action_flag, change_message, content_type_id, user_id) FROM stdin;
\.


--
-- Data for Name: django_content_type; Type: TABLE DATA; Schema: public; Owner: postgres
--

COPY public.django_content_type (id, app_label, model) FROM stdin;
1	catshelter	feline
2	admin	logentry
3	auth	permission
4	auth	group
5	auth	user
6	contenttypes	contenttype
7	sessions	session
8	catshelter	medicalrecord
\.


--
-- Data for Name: django_migrations; Type: TABLE DATA; Schema: public; Owner: postgres
--

COPY public.django_migrations (id, app, name, applied) FROM stdin;
1	contenttypes	0001_initial	2024-07-23 11:30:25.199986+00
2	auth	0001_initial	2024-07-23 11:30:25.267045+00
3	admin	0001_initial	2024-07-23 11:30:25.285339+00
4	admin	0002_logentry_remove_auto_add	2024-07-23 11:30:25.290241+00
5	admin	0003_logentry_add_action_flag_choices	2024-07-23 11:30:25.296169+00
6	contenttypes	0002_remove_content_type_name	2024-07-23 11:30:25.309803+00
7	auth	0002_alter_permission_name_max_length	2024-07-23 11:30:25.316716+00
8	auth	0003_alter_user_email_max_length	2024-07-23 11:30:25.32394+00
9	auth	0004_alter_user_username_opts	2024-07-23 11:30:25.32864+00
10	auth	0005_alter_user_last_login_null	2024-07-23 11:30:25.335861+00
11	auth	0006_require_contenttypes_0002	2024-07-23 11:30:25.337948+00
12	auth	0007_alter_validators_add_error_messages	2024-07-23 11:30:25.343283+00
13	auth	0008_alter_user_username_max_length	2024-07-23 11:30:25.352753+00
14	auth	0009_alter_user_last_name_max_length	2024-07-23 11:30:25.36081+00
15	auth	0010_alter_group_name_max_length	2024-07-23 11:30:25.368415+00
16	auth	0011_update_proxy_permissions	2024-07-23 11:30:25.375266+00
17	auth	0012_alter_user_first_name_max_length	2024-07-23 11:30:25.387115+00
18	sessions	0001_initial	2024-07-23 11:30:25.407988+00
19	catshelter	0001_initial	2024-08-10 10:02:20.75242+00
\.


--
-- Data for Name: django_session; Type: TABLE DATA; Schema: public; Owner: postgres
--

COPY public.django_session (session_key, session_data, expire_date) FROM stdin;
p6jcv8gdbbv8tieuim1tfi3qwf8hkbv7	.eJxVjDsOwjAQBe_iGln-xXYo6TmDtbte4wBypDipEHeHSCmgfTPzXiLBtta0dV7SlMVZGHH63RDowW0H-Q7tNkua27pMKHdFHrTL65z5eTncv4MKvX7rMoDy5MpoXA4qMpPWVoWC3qlIyipLMceBHWooPnNExmKBrDNl5MDi_QHpgjiQ:1sWYRu:6ZeJ2K0sB_i1d7o-sZ0yflzDOAhDE6CODNMB2Ucmtto	2024-08-07 09:38:18.126642+00
w28yh77i15q6vfcfaqo0udkp4f6s057l	.eJxVjDsOwjAQBe_iGllefwklfc5grb1rHECxFCcV4u4QKQW0b2beS0Tc1hq3zkucSFyEEaffLWF-8LwDuuN8azK3eV2mJHdFHrTLsRE_r4f7d1Cx128NfC6sBm3DwLkYrQE0K8NZm-LJeVQWHFEAQ2EgBAs-JMeJEyIBJvH-ANujOEk:1sYLxt:rHgUaY6Evom5sQLBwSugqkG5FH_6aQ1yMekbl6klBVs	2024-08-12 08:42:45.489728+00
ctajvxldxym0rxyffornmi98kcyayydk	.eJxVjMEOwiAQRP-FsyFg6Zb16N1vIMsCUjWQlPZk_Hdp0oPOYQ7zZuYtHG1rdluLi5uDuAgjTr-ZJ37GsoPwoHKvkmtZl9nLvSIP2uSthvi6Ht2_g0wt97Vl4IgIU_DJphhHBoWUANloUMFbQwG689lYO2GXwSEp0GnQyqtRfL77Dzek:1sYm0x:Y1AYny5zYzLCfj-6VdJruR4f3kQlt4ZuE6vOb09svQg	2024-08-13 12:31:39.938793+00
9r85yvdfgppnpypbfen9i64403eovs77	.eJxVjMsOwiAUBf-FtSFF4Aou3fsN5D5AqoYmpV0Z_12bdKHbMzPnpRKuS01rz3MaRZ0VqMPvRsiP3DYgd2y3SfPUlnkkvSl6p11fJ8nPy-7-HVTs9VsHsgEoliLOOxtBMmMMwOiZ7eA4Q7HGnIL3jgGzBHBI5ugilYFiLOr9AfXxOFE:1sggeG:o-RAMeIEyGyCRo2fNYSCmTocugJHwwtsSCjfE_lxQeo	2024-09-04 08:24:56.802656+00
\.


--
-- Data for Name: medicalrecord2; Type: TABLE DATA; Schema: public; Owner: postgres
--

COPY public.medicalrecord2 (record_id, feline_id, checkupdate, name, breed, treatment, doctor_name) FROM stdin;
1	2	2024-07-10	Luna	british short hair	vacination	NhutHa
2	3	2024-07-11	No	siamese	general checkup	Peter
3	5	2024-07-11	Sam	maincoon	flea treatment	Tomy
4	6	2024-07-12	Simba	sphynx	dental checkup	Peter
5	7	2024-07-13	Nala	ragdoll	blood test	NhutHa
6	8	2024-07-12	Bella	ragdoll	blood test	Mary
7	9	2024-07-13	Osca	scottish	minor surgery	Mary
8	10	2024-07-11	Whisker	bengal	eyes exam	Tomy
9	11	2024-07-14	Mit	siberian	vacination	Peter
10	1	2024-07-14	Tomy	persian	ears cleaning	NhutHa
11	12	2024-07-13	Sam	maincoon	vacination	Peter
\.


--
-- Name: auth_group_id_seq; Type: SEQUENCE SET; Schema: public; Owner: postgres
--

SELECT pg_catalog.setval('public.auth_group_id_seq', 1, false);


--
-- Name: auth_group_permissions_id_seq; Type: SEQUENCE SET; Schema: public; Owner: postgres
--

SELECT pg_catalog.setval('public.auth_group_permissions_id_seq', 1, false);


--
-- Name: auth_permission_id_seq; Type: SEQUENCE SET; Schema: public; Owner: postgres
--

SELECT pg_catalog.setval('public.auth_permission_id_seq', 32, true);


--
-- Name: auth_user_groups_id_seq; Type: SEQUENCE SET; Schema: public; Owner: postgres
--

SELECT pg_catalog.setval('public.auth_user_groups_id_seq', 1, false);


--
-- Name: auth_user_id_seq; Type: SEQUENCE SET; Schema: public; Owner: postgres
--

SELECT pg_catalog.setval('public.auth_user_id_seq', 8, true);


--
-- Name: auth_user_user_permissions_id_seq; Type: SEQUENCE SET; Schema: public; Owner: postgres
--

SELECT pg_catalog.setval('public.auth_user_user_permissions_id_seq', 1, false);


--
-- Name: cattype_id_seq; Type: SEQUENCE SET; Schema: public; Owner: postgres
--

SELECT pg_catalog.setval('public.cattype_id_seq', 45, true);


--
-- Name: django_admin_log_id_seq; Type: SEQUENCE SET; Schema: public; Owner: postgres
--

SELECT pg_catalog.setval('public.django_admin_log_id_seq', 1, false);


--
-- Name: django_content_type_id_seq; Type: SEQUENCE SET; Schema: public; Owner: postgres
--

SELECT pg_catalog.setval('public.django_content_type_id_seq', 8, true);


--
-- Name: django_migrations_id_seq; Type: SEQUENCE SET; Schema: public; Owner: postgres
--

SELECT pg_catalog.setval('public.django_migrations_id_seq', 19, true);


--
-- Name: medicalrecord2_record_id_seq; Type: SEQUENCE SET; Schema: public; Owner: postgres
--

SELECT pg_catalog.setval('public.medicalrecord2_record_id_seq', 1, false);


--
-- Name: medicalrecord_record_id_seq; Type: SEQUENCE SET; Schema: public; Owner: postgres
--

SELECT pg_catalog.setval('public.medicalrecord_record_id_seq', 1, false);


--
-- Name: auth_group auth_group_name_key; Type: CONSTRAINT; Schema: public; Owner: postgres
--

ALTER TABLE ONLY public.auth_group
    ADD CONSTRAINT auth_group_name_key UNIQUE (name);


--
-- Name: auth_group_permissions auth_group_permissions_group_id_permission_id_0cd325b0_uniq; Type: CONSTRAINT; Schema: public; Owner: postgres
--

ALTER TABLE ONLY public.auth_group_permissions
    ADD CONSTRAINT auth_group_permissions_group_id_permission_id_0cd325b0_uniq UNIQUE (group_id, permission_id);


--
-- Name: auth_group_permissions auth_group_permissions_pkey; Type: CONSTRAINT; Schema: public; Owner: postgres
--

ALTER TABLE ONLY public.auth_group_permissions
    ADD CONSTRAINT auth_group_permissions_pkey PRIMARY KEY (id);


--
-- Name: auth_group auth_group_pkey; Type: CONSTRAINT; Schema: public; Owner: postgres
--

ALTER TABLE ONLY public.auth_group
    ADD CONSTRAINT auth_group_pkey PRIMARY KEY (id);


--
-- Name: auth_permission auth_permission_content_type_id_codename_01ab375a_uniq; Type: CONSTRAINT; Schema: public; Owner: postgres
--

ALTER TABLE ONLY public.auth_permission
    ADD CONSTRAINT auth_permission_content_type_id_codename_01ab375a_uniq UNIQUE (content_type_id, codename);


--
-- Name: auth_permission auth_permission_pkey; Type: CONSTRAINT; Schema: public; Owner: postgres
--

ALTER TABLE ONLY public.auth_permission
    ADD CONSTRAINT auth_permission_pkey PRIMARY KEY (id);


--
-- Name: auth_user_groups auth_user_groups_pkey; Type: CONSTRAINT; Schema: public; Owner: postgres
--

ALTER TABLE ONLY public.auth_user_groups
    ADD CONSTRAINT auth_user_groups_pkey PRIMARY KEY (id);


--
-- Name: auth_user_groups auth_user_groups_user_id_group_id_94350c0c_uniq; Type: CONSTRAINT; Schema: public; Owner: postgres
--

ALTER TABLE ONLY public.auth_user_groups
    ADD CONSTRAINT auth_user_groups_user_id_group_id_94350c0c_uniq UNIQUE (user_id, group_id);


--
-- Name: auth_user auth_user_pkey; Type: CONSTRAINT; Schema: public; Owner: postgres
--

ALTER TABLE ONLY public.auth_user
    ADD CONSTRAINT auth_user_pkey PRIMARY KEY (id);


--
-- Name: auth_user_user_permissions auth_user_user_permissions_pkey; Type: CONSTRAINT; Schema: public; Owner: postgres
--

ALTER TABLE ONLY public.auth_user_user_permissions
    ADD CONSTRAINT auth_user_user_permissions_pkey PRIMARY KEY (id);


--
-- Name: auth_user_user_permissions auth_user_user_permissions_user_id_permission_id_14a6b632_uniq; Type: CONSTRAINT; Schema: public; Owner: postgres
--

ALTER TABLE ONLY public.auth_user_user_permissions
    ADD CONSTRAINT auth_user_user_permissions_user_id_permission_id_14a6b632_uniq UNIQUE (user_id, permission_id);


--
-- Name: auth_user auth_user_username_key; Type: CONSTRAINT; Schema: public; Owner: postgres
--

ALTER TABLE ONLY public.auth_user
    ADD CONSTRAINT auth_user_username_key UNIQUE (username);


--
-- Name: catshelter_feline cattype_pkey; Type: CONSTRAINT; Schema: public; Owner: postgres
--

ALTER TABLE ONLY public.catshelter_feline
    ADD CONSTRAINT cattype_pkey PRIMARY KEY (feline_id);


--
-- Name: django_admin_log django_admin_log_pkey; Type: CONSTRAINT; Schema: public; Owner: postgres
--

ALTER TABLE ONLY public.django_admin_log
    ADD CONSTRAINT django_admin_log_pkey PRIMARY KEY (id);


--
-- Name: django_content_type django_content_type_app_label_model_76bd3d3b_uniq; Type: CONSTRAINT; Schema: public; Owner: postgres
--

ALTER TABLE ONLY public.django_content_type
    ADD CONSTRAINT django_content_type_app_label_model_76bd3d3b_uniq UNIQUE (app_label, model);


--
-- Name: django_content_type django_content_type_pkey; Type: CONSTRAINT; Schema: public; Owner: postgres
--

ALTER TABLE ONLY public.django_content_type
    ADD CONSTRAINT django_content_type_pkey PRIMARY KEY (id);


--
-- Name: django_migrations django_migrations_pkey; Type: CONSTRAINT; Schema: public; Owner: postgres
--

ALTER TABLE ONLY public.django_migrations
    ADD CONSTRAINT django_migrations_pkey PRIMARY KEY (id);


--
-- Name: django_session django_session_pkey; Type: CONSTRAINT; Schema: public; Owner: postgres
--

ALTER TABLE ONLY public.django_session
    ADD CONSTRAINT django_session_pkey PRIMARY KEY (session_key);


--
-- Name: medicalrecord2 medicalrecord2_pkey; Type: CONSTRAINT; Schema: public; Owner: postgres
--

ALTER TABLE ONLY public.medicalrecord2
    ADD CONSTRAINT medicalrecord2_pkey PRIMARY KEY (record_id);


--
-- Name: catshelter_medicalrecord medicalrecord_pkey; Type: CONSTRAINT; Schema: public; Owner: postgres
--

ALTER TABLE ONLY public.catshelter_medicalrecord
    ADD CONSTRAINT medicalrecord_pkey PRIMARY KEY (record_id);


--
-- Name: catshelter_feline uq; Type: CONSTRAINT; Schema: public; Owner: postgres
--

ALTER TABLE ONLY public.catshelter_feline
    ADD CONSTRAINT uq UNIQUE (name, breed);


--
-- Name: auth_group_name_a6ea08ec_like; Type: INDEX; Schema: public; Owner: postgres
--

CREATE INDEX auth_group_name_a6ea08ec_like ON public.auth_group USING btree (name varchar_pattern_ops);


--
-- Name: auth_group_permissions_group_id_b120cbf9; Type: INDEX; Schema: public; Owner: postgres
--

CREATE INDEX auth_group_permissions_group_id_b120cbf9 ON public.auth_group_permissions USING btree (group_id);


--
-- Name: auth_group_permissions_permission_id_84c5c92e; Type: INDEX; Schema: public; Owner: postgres
--

CREATE INDEX auth_group_permissions_permission_id_84c5c92e ON public.auth_group_permissions USING btree (permission_id);


--
-- Name: auth_permission_content_type_id_2f476e4b; Type: INDEX; Schema: public; Owner: postgres
--

CREATE INDEX auth_permission_content_type_id_2f476e4b ON public.auth_permission USING btree (content_type_id);


--
-- Name: auth_user_groups_group_id_97559544; Type: INDEX; Schema: public; Owner: postgres
--

CREATE INDEX auth_user_groups_group_id_97559544 ON public.auth_user_groups USING btree (group_id);


--
-- Name: auth_user_groups_user_id_6a12ed8b; Type: INDEX; Schema: public; Owner: postgres
--

CREATE INDEX auth_user_groups_user_id_6a12ed8b ON public.auth_user_groups USING btree (user_id);


--
-- Name: auth_user_user_permissions_permission_id_1fbb5f2c; Type: INDEX; Schema: public; Owner: postgres
--

CREATE INDEX auth_user_user_permissions_permission_id_1fbb5f2c ON public.auth_user_user_permissions USING btree (permission_id);


--
-- Name: auth_user_user_permissions_user_id_a95ead1b; Type: INDEX; Schema: public; Owner: postgres
--

CREATE INDEX auth_user_user_permissions_user_id_a95ead1b ON public.auth_user_user_permissions USING btree (user_id);


--
-- Name: auth_user_username_6821ab7c_like; Type: INDEX; Schema: public; Owner: postgres
--

CREATE INDEX auth_user_username_6821ab7c_like ON public.auth_user USING btree (username varchar_pattern_ops);


--
-- Name: django_admin_log_content_type_id_c4bce8eb; Type: INDEX; Schema: public; Owner: postgres
--

CREATE INDEX django_admin_log_content_type_id_c4bce8eb ON public.django_admin_log USING btree (content_type_id);


--
-- Name: django_admin_log_user_id_c564eba6; Type: INDEX; Schema: public; Owner: postgres
--

CREATE INDEX django_admin_log_user_id_c564eba6 ON public.django_admin_log USING btree (user_id);


--
-- Name: django_session_expire_date_a5c62663; Type: INDEX; Schema: public; Owner: postgres
--

CREATE INDEX django_session_expire_date_a5c62663 ON public.django_session USING btree (expire_date);


--
-- Name: django_session_session_key_c0390e0f_like; Type: INDEX; Schema: public; Owner: postgres
--

CREATE INDEX django_session_session_key_c0390e0f_like ON public.django_session USING btree (session_key varchar_pattern_ops);


--
-- Name: auth_group_permissions auth_group_permissio_permission_id_84c5c92e_fk_auth_perm; Type: FK CONSTRAINT; Schema: public; Owner: postgres
--

ALTER TABLE ONLY public.auth_group_permissions
    ADD CONSTRAINT auth_group_permissio_permission_id_84c5c92e_fk_auth_perm FOREIGN KEY (permission_id) REFERENCES public.auth_permission(id) DEFERRABLE INITIALLY DEFERRED;


--
-- Name: auth_group_permissions auth_group_permissions_group_id_b120cbf9_fk_auth_group_id; Type: FK CONSTRAINT; Schema: public; Owner: postgres
--

ALTER TABLE ONLY public.auth_group_permissions
    ADD CONSTRAINT auth_group_permissions_group_id_b120cbf9_fk_auth_group_id FOREIGN KEY (group_id) REFERENCES public.auth_group(id) DEFERRABLE INITIALLY DEFERRED;


--
-- Name: auth_permission auth_permission_content_type_id_2f476e4b_fk_django_co; Type: FK CONSTRAINT; Schema: public; Owner: postgres
--

ALTER TABLE ONLY public.auth_permission
    ADD CONSTRAINT auth_permission_content_type_id_2f476e4b_fk_django_co FOREIGN KEY (content_type_id) REFERENCES public.django_content_type(id) DEFERRABLE INITIALLY DEFERRED;


--
-- Name: auth_user_groups auth_user_groups_group_id_97559544_fk_auth_group_id; Type: FK CONSTRAINT; Schema: public; Owner: postgres
--

ALTER TABLE ONLY public.auth_user_groups
    ADD CONSTRAINT auth_user_groups_group_id_97559544_fk_auth_group_id FOREIGN KEY (group_id) REFERENCES public.auth_group(id) DEFERRABLE INITIALLY DEFERRED;


--
-- Name: auth_user_groups auth_user_groups_user_id_6a12ed8b_fk_auth_user_id; Type: FK CONSTRAINT; Schema: public; Owner: postgres
--

ALTER TABLE ONLY public.auth_user_groups
    ADD CONSTRAINT auth_user_groups_user_id_6a12ed8b_fk_auth_user_id FOREIGN KEY (user_id) REFERENCES public.auth_user(id) DEFERRABLE INITIALLY DEFERRED;


--
-- Name: auth_user_user_permissions auth_user_user_permi_permission_id_1fbb5f2c_fk_auth_perm; Type: FK CONSTRAINT; Schema: public; Owner: postgres
--

ALTER TABLE ONLY public.auth_user_user_permissions
    ADD CONSTRAINT auth_user_user_permi_permission_id_1fbb5f2c_fk_auth_perm FOREIGN KEY (permission_id) REFERENCES public.auth_permission(id) DEFERRABLE INITIALLY DEFERRED;


--
-- Name: auth_user_user_permissions auth_user_user_permissions_user_id_a95ead1b_fk_auth_user_id; Type: FK CONSTRAINT; Schema: public; Owner: postgres
--

ALTER TABLE ONLY public.auth_user_user_permissions
    ADD CONSTRAINT auth_user_user_permissions_user_id_a95ead1b_fk_auth_user_id FOREIGN KEY (user_id) REFERENCES public.auth_user(id) DEFERRABLE INITIALLY DEFERRED;


--
-- Name: django_admin_log django_admin_log_content_type_id_c4bce8eb_fk_django_co; Type: FK CONSTRAINT; Schema: public; Owner: postgres
--

ALTER TABLE ONLY public.django_admin_log
    ADD CONSTRAINT django_admin_log_content_type_id_c4bce8eb_fk_django_co FOREIGN KEY (content_type_id) REFERENCES public.django_content_type(id) DEFERRABLE INITIALLY DEFERRED;


--
-- Name: django_admin_log django_admin_log_user_id_c564eba6_fk_auth_user_id; Type: FK CONSTRAINT; Schema: public; Owner: postgres
--

ALTER TABLE ONLY public.django_admin_log
    ADD CONSTRAINT django_admin_log_user_id_c564eba6_fk_auth_user_id FOREIGN KEY (user_id) REFERENCES public.auth_user(id) DEFERRABLE INITIALLY DEFERRED;


--
-- Name: medicalrecord2 medicalrecord2_name_breed_fkey; Type: FK CONSTRAINT; Schema: public; Owner: postgres
--

ALTER TABLE ONLY public.medicalrecord2
    ADD CONSTRAINT medicalrecord2_name_breed_fkey FOREIGN KEY (name, breed) REFERENCES public.catshelter_feline(name, breed);


--
-- Name: catshelter_medicalrecord medicalrecord_feline_id_fkey; Type: FK CONSTRAINT; Schema: public; Owner: postgres
--

ALTER TABLE ONLY public.catshelter_medicalrecord
    ADD CONSTRAINT medicalrecord_feline_id_fkey FOREIGN KEY (feline_id) REFERENCES public.catshelter_feline(feline_id);


--
-- PostgreSQL database dump complete
--

--
-- Database "mydatabase" dump
--

--
-- PostgreSQL database dump
--

-- Dumped from database version 16.4 (Ubuntu 16.4-0ubuntu0.24.04.1)
-- Dumped by pg_dump version 16.4 (Ubuntu 16.4-0ubuntu0.24.04.1)

SET statement_timeout = 0;
SET lock_timeout = 0;
SET idle_in_transaction_session_timeout = 0;
SET client_encoding = 'UTF8';
SET standard_conforming_strings = on;
SELECT pg_catalog.set_config('search_path', '', false);
SET check_function_bodies = false;
SET xmloption = content;
SET client_min_messages = warning;
SET row_security = off;

--
-- Name: mydatabase; Type: DATABASE; Schema: -; Owner: postgres
--

CREATE DATABASE mydatabase WITH TEMPLATE = template0 ENCODING = 'UTF8' LOCALE_PROVIDER = libc LOCALE = 'en_US.UTF-8';


ALTER DATABASE mydatabase OWNER TO postgres;

\connect mydatabase

SET statement_timeout = 0;
SET lock_timeout = 0;
SET idle_in_transaction_session_timeout = 0;
SET client_encoding = 'UTF8';
SET standard_conforming_strings = on;
SELECT pg_catalog.set_config('search_path', '', false);
SET check_function_bodies = false;
SET xmloption = content;
SET client_min_messages = warning;
SET row_security = off;

SET default_tablespace = '';

SET default_table_access_method = heap;

--
-- Name: users; Type: TABLE; Schema: public; Owner: postgres
--

CREATE TABLE public.users (
    id integer NOT NULL,
    name character varying(100),
    email character varying(100)
);


ALTER TABLE public.users OWNER TO postgres;

--
-- Name: users_id_seq; Type: SEQUENCE; Schema: public; Owner: postgres
--

CREATE SEQUENCE public.users_id_seq
    AS integer
    START WITH 1
    INCREMENT BY 1
    NO MINVALUE
    NO MAXVALUE
    CACHE 1;


ALTER SEQUENCE public.users_id_seq OWNER TO postgres;

--
-- Name: users_id_seq; Type: SEQUENCE OWNED BY; Schema: public; Owner: postgres
--

ALTER SEQUENCE public.users_id_seq OWNED BY public.users.id;


--
-- Name: users id; Type: DEFAULT; Schema: public; Owner: postgres
--

ALTER TABLE ONLY public.users ALTER COLUMN id SET DEFAULT nextval('public.users_id_seq'::regclass);


--
-- Data for Name: users; Type: TABLE DATA; Schema: public; Owner: postgres
--

COPY public.users (id, name, email) FROM stdin;
1	Alice	alice@gmail.com
2	Bob	bob@gmail.com
\.


--
-- Name: users_id_seq; Type: SEQUENCE SET; Schema: public; Owner: postgres
--

SELECT pg_catalog.setval('public.users_id_seq', 2, true);


--
-- Name: users users_pkey; Type: CONSTRAINT; Schema: public; Owner: postgres
--

ALTER TABLE ONLY public.users
    ADD CONSTRAINT users_pkey PRIMARY KEY (id);


--
-- PostgreSQL database dump complete
--

--
-- Database "mystudent" dump
--

--
-- PostgreSQL database dump
--

-- Dumped from database version 16.4 (Ubuntu 16.4-0ubuntu0.24.04.1)
-- Dumped by pg_dump version 16.4 (Ubuntu 16.4-0ubuntu0.24.04.1)

SET statement_timeout = 0;
SET lock_timeout = 0;
SET idle_in_transaction_session_timeout = 0;
SET client_encoding = 'UTF8';
SET standard_conforming_strings = on;
SELECT pg_catalog.set_config('search_path', '', false);
SET check_function_bodies = false;
SET xmloption = content;
SET client_min_messages = warning;
SET row_security = off;

--
-- Name: mystudent; Type: DATABASE; Schema: -; Owner: postgres
--

CREATE DATABASE mystudent WITH TEMPLATE = template0 ENCODING = 'UTF8' LOCALE_PROVIDER = libc LOCALE = 'en_US.UTF-8';


ALTER DATABASE mystudent OWNER TO postgres;

\connect mystudent

SET statement_timeout = 0;
SET lock_timeout = 0;
SET idle_in_transaction_session_timeout = 0;
SET client_encoding = 'UTF8';
SET standard_conforming_strings = on;
SELECT pg_catalog.set_config('search_path', '', false);
SET check_function_bodies = false;
SET xmloption = content;
SET client_min_messages = warning;
SET row_security = off;

SET default_tablespace = '';

SET default_table_access_method = heap;

--
-- Name: student_information; Type: TABLE; Schema: public; Owner: postgres
--

CREATE TABLE public.student_information (
    id integer NOT NULL,
    name character varying(100),
    age integer NOT NULL,
    dateofbirth date,
    sex character(1) NOT NULL,
    fav_subject text NOT NULL
);


ALTER TABLE public.student_information OWNER TO postgres;

--
-- Name: student_infor_id_seq; Type: SEQUENCE; Schema: public; Owner: postgres
--

CREATE SEQUENCE public.student_infor_id_seq
    AS integer
    START WITH 1
    INCREMENT BY 1
    NO MINVALUE
    NO MAXVALUE
    CACHE 1;


ALTER SEQUENCE public.student_infor_id_seq OWNER TO postgres;

--
-- Name: student_infor_id_seq; Type: SEQUENCE OWNED BY; Schema: public; Owner: postgres
--

ALTER SEQUENCE public.student_infor_id_seq OWNED BY public.student_information.id;


--
-- Name: student_information id; Type: DEFAULT; Schema: public; Owner: postgres
--

ALTER TABLE ONLY public.student_information ALTER COLUMN id SET DEFAULT nextval('public.student_infor_id_seq'::regclass);


--
-- Data for Name: student_information; Type: TABLE DATA; Schema: public; Owner: postgres
--

COPY public.student_information (id, name, age, dateofbirth, sex, fav_subject) FROM stdin;
1	Tom	12	1995-06-01	M	math
2	Mickey	11	1996-07-01	M	history
3	Thanh	13	1994-07-12	F	history
4	Kim	14	1993-12-11	M	music
5	John	11	1996-10-09	F	art
\.


--
-- Name: student_infor_id_seq; Type: SEQUENCE SET; Schema: public; Owner: postgres
--

SELECT pg_catalog.setval('public.student_infor_id_seq', 5, true);


--
-- Name: student_information student_infor_pkey; Type: CONSTRAINT; Schema: public; Owner: postgres
--

ALTER TABLE ONLY public.student_information
    ADD CONSTRAINT student_infor_pkey PRIMARY KEY (id);


--
-- PostgreSQL database dump complete
--

--
-- Database "postgres" dump
--

\connect postgres

--
-- PostgreSQL database dump
--

-- Dumped from database version 16.4 (Ubuntu 16.4-0ubuntu0.24.04.1)
-- Dumped by pg_dump version 16.4 (Ubuntu 16.4-0ubuntu0.24.04.1)

SET statement_timeout = 0;
SET lock_timeout = 0;
SET idle_in_transaction_session_timeout = 0;
SET client_encoding = 'UTF8';
SET standard_conforming_strings = on;
SELECT pg_catalog.set_config('search_path', '', false);
SET check_function_bodies = false;
SET xmloption = content;
SET client_min_messages = warning;
SET row_security = off;

--
-- Name: schema; Type: SCHEMA; Schema: -; Owner: postgres
--

CREATE SCHEMA schema;


ALTER SCHEMA schema OWNER TO postgres;

SET default_tablespace = '';

SET default_table_access_method = heap;

--
-- Name: table; Type: TABLE; Schema: schema; Owner: postgres
--

CREATE TABLE schema."table" (
);


ALTER TABLE schema."table" OWNER TO postgres;

--
-- Data for Name: table; Type: TABLE DATA; Schema: schema; Owner: postgres
--

COPY schema."table"  FROM stdin;
\.


--
-- Name: SCHEMA schema; Type: ACL; Schema: -; Owner: postgres
--

GRANT USAGE ON SCHEMA schema TO grafanareader;


--
-- Name: TABLE "table"; Type: ACL; Schema: schema; Owner: postgres
--

GRANT SELECT ON TABLE schema."table" TO grafanareader;


--
-- PostgreSQL database dump complete
--

--
-- Database "totalwealth" dump
--

--
-- PostgreSQL database dump
--

-- Dumped from database version 16.4 (Ubuntu 16.4-0ubuntu0.24.04.1)
-- Dumped by pg_dump version 16.4 (Ubuntu 16.4-0ubuntu0.24.04.1)

SET statement_timeout = 0;
SET lock_timeout = 0;
SET idle_in_transaction_session_timeout = 0;
SET client_encoding = 'UTF8';
SET standard_conforming_strings = on;
SELECT pg_catalog.set_config('search_path', '', false);
SET check_function_bodies = false;
SET xmloption = content;
SET client_min_messages = warning;
SET row_security = off;

--
-- Name: totalwealth; Type: DATABASE; Schema: -; Owner: postgres
--

CREATE DATABASE totalwealth WITH TEMPLATE = template0 ENCODING = 'UTF8' LOCALE_PROVIDER = libc LOCALE = 'en_US.UTF-8';


ALTER DATABASE totalwealth OWNER TO postgres;

\connect totalwealth

SET statement_timeout = 0;
SET lock_timeout = 0;
SET idle_in_transaction_session_timeout = 0;
SET client_encoding = 'UTF8';
SET standard_conforming_strings = on;
SELECT pg_catalog.set_config('search_path', '', false);
SET check_function_bodies = false;
SET xmloption = content;
SET client_min_messages = warning;
SET row_security = off;

SET default_tablespace = '';

SET default_table_access_method = heap;

--
-- Name: countries; Type: TABLE; Schema: public; Owner: postgres
--

CREATE TABLE public.countries (
    "Country (or area)" text,
    "Total wealth (USD bn)" bigint
);


ALTER TABLE public.countries OWNER TO postgres;

--
-- Data for Name: countries; Type: TABLE DATA; Schema: public; Owner: postgres
--

COPY public.countries ("Country (or area)", "Total wealth (USD bn)") FROM stdin;
World	454385
Asia and Oceania	177824
Northern America	151170
United States *	139866
Europe	104410
China *	84485
Japan *	22582
Germany *	17426
United Kingdom *	15972
France	15727
India *	15365
Latin America and the Caribbean	15071
Canada *	11263
Italy *	11020
South Korea *	9890
Australia *	9720
Spain *	8487
Africa	5909
Taiwan *	5422
Netherlands *	4869
Mexico *	4863
Switzerland *	4829
Brazil *	4628
Russia *	4386
Hong Kong *	3493
Indonesia *	3256
Belgium *	3195
Iran *	3034
Sweden *	2335
Saudi Arabia *	2268
Singapore *	1906
Denmark *	1869
Austria *	1794
Norway *	1644
Poland *	1592
New Zealand *	1426
Thailand *	1421
Israel *	1368
Portugal *	1324
Egypt *	1249
United Arab Emirates *	1242
Bangladesh *	1079
Turkey *	1041
Vietnam *	1017
Philippines *	1011
South Africa *	926
Ireland *	913
Greece *	890
Finland *	792
Chile *	779
Czech Republic *	770
Kazakhstan *	720
Nigeria *	699
Ukraine *	679
Pakistan *	678
Malaysia *	678
Romania *	667
Palestine *	575
Colombia *	564
Kuwait *	564
Peru *	519
Hungary *	458
Kenya *	435
Argentina *	420
Qatar *	407
Sri Lanka *	359
Algeria *	354
Morocco *	347
Lebanon *	345
Ethiopia *	300
Luxembourg *	299
Myanmar *	283
Slovakia *	270
Bulgaria *	258
Belarus *	255
Ecuador *	255
Jordan *	235
Croatia *	230
Uruguay *	217
Costa Rica *	211
Oman *	189
Slovenia *	188
Serbia *	186
Tunisia *	177
Azerbaijan *	157
Panama *	150
Lithuania *	147
Tanzania *	145
Latvia *	141
Iceland *	129
Bahrain *	116
Ghana *	112
Cyprus *	109
Bolivia *	105
Nepal *	90
Bosnia and Herzegovina *	87
Estonia *	82
Turkmenistan *	78
Albania *	77
Zimbabwe *	71
DR Congo *	71
Nicaragua *	69
Mauritius *	68
Paraguay *	68
Moldova *	65
Cambodia *	64
Malta *	58
Angola *	55
Trinidad and Tobago *	51
Uganda *	49
Armenia *	47
Georgia *	46
Cameroon *	46
Jamaica *	45
Libya *	44
Papua New Guinea *	43
Senegal *	41
Afghanistan *	41
Montenegro *	36
Laos *	35
Namibia *	31
Madagascar *	30
Rwanda *	28
Botswana *	27
Zambia *	27
Tajikistan *	25
Kyrgyzstan *	25
Gabon *	23
Mali *	22
Sudan *	22
Malawi *	22
Equatorial Guinea *	20
Syria *	18
Guinea *	18
Bahamas *	16
Burkina Faso *	16
Mozambique *	16
Barbados *	16
Mongolia *	15
Benin *	15
Liberia *	14
Niger *	13
Brunei *	12
Fiji *	12
Chad *	10
Maldives *	10
Congo *	6
Mauritania *	6
Guyana *	6
Togo *	6
Eritrea *	5
Haiti *	5
Seychelles *	4
Burundi *	4
Sierra Leone *	4
East Timor *	4
Belize *	3
Gambia *	3
Central African Republic *	2
Comoros *	2
Djibouti *	2
Guinea-Bissau *	2
Lesotho *	2
Suriname *	2
São Tomé and Príncipe *	0
World	454385
Asia and Oceania	177824
Northern America	151170
United States *	139866
Europe	104410
China *	84485
Japan *	22582
Germany *	17426
United Kingdom *	15972
France	15727
India *	15365
Latin America and the Caribbean	15071
Canada *	11263
Italy *	11020
South Korea *	9890
Australia *	9720
Spain *	8487
Africa	5909
Taiwan *	5422
Netherlands *	4869
Mexico *	4863
Switzerland *	4829
Brazil *	4628
Russia *	4386
Hong Kong *	3493
Indonesia *	3256
Belgium *	3195
Iran *	3034
Sweden *	2335
Saudi Arabia *	2268
Singapore *	1906
Denmark *	1869
Austria *	1794
Norway *	1644
Poland *	1592
New Zealand *	1426
Thailand *	1421
Israel *	1368
Portugal *	1324
Egypt *	1249
United Arab Emirates *	1242
Bangladesh *	1079
Turkey *	1041
Vietnam *	1017
Philippines *	1011
South Africa *	926
Ireland *	913
Greece *	890
Finland *	792
Chile *	779
Czech Republic *	770
Kazakhstan *	720
Nigeria *	699
Ukraine *	679
Pakistan *	678
Malaysia *	678
Romania *	667
Palestine *	575
Colombia *	564
Kuwait *	564
Peru *	519
Hungary *	458
Kenya *	435
Argentina *	420
Qatar *	407
Sri Lanka *	359
Algeria *	354
Morocco *	347
Lebanon *	345
Ethiopia *	300
Luxembourg *	299
Myanmar *	283
Slovakia *	270
Bulgaria *	258
Belarus *	255
Ecuador *	255
Jordan *	235
Croatia *	230
Uruguay *	217
Costa Rica *	211
Oman *	189
Slovenia *	188
Serbia *	186
Tunisia *	177
Azerbaijan *	157
Panama *	150
Lithuania *	147
Tanzania *	145
Latvia *	141
Iceland *	129
Bahrain *	116
Ghana *	112
Cyprus *	109
Bolivia *	105
Nepal *	90
Bosnia and Herzegovina *	87
Estonia *	82
Turkmenistan *	78
Albania *	77
Zimbabwe *	71
DR Congo *	71
Nicaragua *	69
Mauritius *	68
Paraguay *	68
Moldova *	65
Cambodia *	64
Malta *	58
Angola *	55
Trinidad and Tobago *	51
Uganda *	49
Armenia *	47
Georgia *	46
Cameroon *	46
Jamaica *	45
Libya *	44
Papua New Guinea *	43
Senegal *	41
Afghanistan *	41
Montenegro *	36
Laos *	35
Namibia *	31
Madagascar *	30
Rwanda *	28
Botswana *	27
Zambia *	27
Tajikistan *	25
Kyrgyzstan *	25
Gabon *	23
Mali *	22
Sudan *	22
Malawi *	22
Equatorial Guinea *	20
Syria *	18
Guinea *	18
Bahamas *	16
Burkina Faso *	16
Mozambique *	16
Barbados *	16
Mongolia *	15
Benin *	15
Liberia *	14
Niger *	13
Brunei *	12
Fiji *	12
Chad *	10
Maldives *	10
Congo *	6
Mauritania *	6
Guyana *	6
Togo *	6
Eritrea *	5
Haiti *	5
Seychelles *	4
Burundi *	4
Sierra Leone *	4
East Timor *	4
Belize *	3
Gambia *	3
Central African Republic *	2
Comoros *	2
Djibouti *	2
Guinea-Bissau *	2
Lesotho *	2
Suriname *	2
São Tomé and Príncipe *	0
\.


--
-- PostgreSQL database dump complete
--

--
-- Database "traffic" dump
--

--
-- PostgreSQL database dump
--

-- Dumped from database version 16.4 (Ubuntu 16.4-0ubuntu0.24.04.1)
-- Dumped by pg_dump version 16.4 (Ubuntu 16.4-0ubuntu0.24.04.1)

SET statement_timeout = 0;
SET lock_timeout = 0;
SET idle_in_transaction_session_timeout = 0;
SET client_encoding = 'UTF8';
SET standard_conforming_strings = on;
SELECT pg_catalog.set_config('search_path', '', false);
SET check_function_bodies = false;
SET xmloption = content;
SET client_min_messages = warning;
SET row_security = off;

--
-- Name: traffic; Type: DATABASE; Schema: -; Owner: postgres
--

CREATE DATABASE traffic WITH TEMPLATE = template0 ENCODING = 'UTF8' LOCALE_PROVIDER = libc LOCALE = 'en_US.UTF-8';


ALTER DATABASE traffic OWNER TO postgres;

\connect traffic

SET statement_timeout = 0;
SET lock_timeout = 0;
SET idle_in_transaction_session_timeout = 0;
SET client_encoding = 'UTF8';
SET standard_conforming_strings = on;
SELECT pg_catalog.set_config('search_path', '', false);
SET check_function_bodies = false;
SET xmloption = content;
SET client_min_messages = warning;
SET row_security = off;

SET default_tablespace = '';

SET default_table_access_method = heap;

--
-- Name: trafficdata; Type: TABLE; Schema: public; Owner: postgres
--

CREATE TABLE public.trafficdata (
    id integer NOT NULL,
    "time" date,
    "Bline Convention Cntr" integer,
    "7th and Park Campus" integer,
    "Jordan and 7th" integer,
    "N College and RR" integer,
    "S Walnut and Wylie" integer
);


ALTER TABLE public.trafficdata OWNER TO postgres;

--
-- Name: trafficdata_id_seq; Type: SEQUENCE; Schema: public; Owner: postgres
--

CREATE SEQUENCE public.trafficdata_id_seq
    AS integer
    START WITH 1
    INCREMENT BY 1
    NO MINVALUE
    NO MAXVALUE
    CACHE 1;


ALTER SEQUENCE public.trafficdata_id_seq OWNER TO postgres;

--
-- Name: trafficdata_id_seq; Type: SEQUENCE OWNED BY; Schema: public; Owner: postgres
--

ALTER SEQUENCE public.trafficdata_id_seq OWNED BY public.trafficdata.id;


--
-- Name: trafficdata id; Type: DEFAULT; Schema: public; Owner: postgres
--

ALTER TABLE ONLY public.trafficdata ALTER COLUMN id SET DEFAULT nextval('public.trafficdata_id_seq'::regclass);


--
-- Data for Name: trafficdata; Type: TABLE DATA; Schema: public; Owner: postgres
--

COPY public.trafficdata (id, "time", "Bline Convention Cntr", "7th and Park Campus", "Jordan and 7th", "N College and RR", "S Walnut and Wylie") FROM stdin;
\.


--
-- Name: trafficdata_id_seq; Type: SEQUENCE SET; Schema: public; Owner: postgres
--

SELECT pg_catalog.setval('public.trafficdata_id_seq', 1, false);


--
-- Name: trafficdata trafficdata_pkey; Type: CONSTRAINT; Schema: public; Owner: postgres
--

ALTER TABLE ONLY public.trafficdata
    ADD CONSTRAINT trafficdata_pkey PRIMARY KEY (id);


--
-- PostgreSQL database dump complete
--

--
-- PostgreSQL database cluster dump complete
--

